City_ID,City,Lat,Lng,Max Temp,Humidity,Cloudiness,Wind Speed,Country,Date
0,puerto natales,-51.7236,-72.4875,4.86,95,80,2.94,CL,1726545706
1,port-aux-francais,-49.35,70.2167,4.43,97,100,14.51,TF,1726545707
2,avarua,-21.2078,-159.775,25.03,78,56,4.12,CK,1726545709
3,minas de marcona,-15.2119,-75.1103,12.3,79,5,3.81,PE,1726545710
4,kingston,17.997,-76.7936,30.53,74,20,6.69,JM,1726545543
5,grand falls-windsor,48.9332,-55.6649,16.95,89,49,4.93,CA,1726545712
6,claveria,18.6074,121.0832,28.86,84,100,5.75,PH,1726545713
7,cockburn town,21.4612,-71.1419,29.09,79,68,9.81,TC,1726545714
8,tazacorte,28.629,-17.9293,21.54,73,20,2.57,ES,1726545715
9,hermanus,-34.4187,19.2345,8.78,85,60,3.79,ZA,1726545716
10,dakhla,23.6848,-15.958,19.62,91,1,6.66,EH,1726545717
11,west island,-12.1568,96.8225,27.99,61,40,7.72,CC,1726545718
12,blackmans bay,-43.0167,147.3167,13.62,55,84,6.49,AU,1726545719
13,papatowai,-46.5619,169.4708,6.22,65,97,6.11,NZ,1726545720
14,wailua homesteads,22.0669,-159.378,27.44,84,100,6.69,US,1726545721
15,adamstown,-25.066,-130.1015,19.55,87,100,8.5,PN,1726545722
16,igarka,67.4667,86.5833,6.91,75,43,5.05,RU,1726545723
17,waitangi,-43.9535,-176.5597,10.46,95,100,1.34,NZ,1726545725
18,atafu village,-8.5421,-172.5159,28.41,70,18,2.54,TK,1726545727
19,sao tome,0.3365,6.7273,25.15,88,99,5.11,ST,1726545728
20,anadyr,64.75,177.4833,9.28,87,75,2.0,RU,1726545729
21,hamilton,39.1834,-84.5333,22.08,54,0,3.6,US,1726545730
22,sillanwali,31.8261,72.5398,32.39,34,0,2.84,PK,1726545731
23,iqaluit,63.7506,-68.5145,2.85,86,100,8.75,CA,1726545732
24,tuscaloosa,33.2098,-87.5692,21.88,71,100,0.0,US,1726545733
25,fagaras,45.85,24.9667,8.95,84,21,1.86,RO,1726545734
26,al qusayr,34.5091,36.5798,19.67,65,0,1.92,SY,1726545735
27,whitehorse,60.7161,-135.0538,8.43,79,75,4.63,CA,1726545736
28,bilibino,68.0546,166.4372,0.89,77,100,1.18,RU,1726545737
29,belogorsk,50.9158,128.4611,18.77,23,0,9.75,RU,1726545738
30,isafjordur,66.0755,-23.124,4.31,96,100,2.11,IS,1726545740
31,sitka,57.0531,-135.33,11.26,86,100,0.99,US,1726545741
32,geraldton,-28.7667,114.6,28.23,21,0,7.72,AU,1726545742
33,grytviken,-54.2811,-36.5092,-2.85,72,18,4.65,GS,1726545743
34,edinburgh of the seven seas,-37.0676,-12.3116,10.23,73,35,15.77,SH,1726545744
35,vadso,70.0744,29.7487,9.09,76,0,3.09,NO,1726545745
36,margaret river,-33.95,115.0667,18.19,56,0,3.12,AU,1726545746
37,cole harbour,44.6724,-63.4751,17.71,73,0,3.6,CA,1726545747
38,east london,-33.0153,27.9116,15.52,94,75,1.03,ZA,1726545748
39,olonkinbyen,70.9221,-8.7187,1.17,79,99,4.17,SJ,1726545749
40,as sulayyil,20.4607,45.5779,30.63,14,5,1.27,SA,1726545751
41,thompson,55.7435,-97.8558,9.09,93,0,0.0,CA,1726545752
42,college,64.8569,-147.8028,8.03,82,99,3.93,US,1726545753
43,stanley,54.868,-1.6985,6.39,100,0,0.51,GB,1726545754
44,upata,8.0086,-62.3989,23.38,92,71,1.27,VE,1726545756
45,bredasdorp,-34.5322,20.0403,7.49,90,60,1.25,ZA,1726545757
46,konarka,19.9,86.1167,29.95,70,100,1.67,IN,1726545758
47,laojunmiao,39.8333,97.7333,18.48,56,0,5.88,CN,1726545759
48,tiksi,71.6872,128.8694,1.75,98,100,2.68,RU,1726545760
49,zhalantun,48.0,122.7167,22.49,31,0,3.82,CN,1726545761
50,prince rupert,54.3161,-130.3201,13.05,94,100,8.75,CA,1726545762
51,campamento,14.55,-86.65,21.92,94,45,0.44,HN,1726545763
52,gwadar,25.1216,62.3254,26.99,80,8,3.44,PK,1726545764
53,cooper's town,26.8667,-77.5167,29.3,76,100,3.3,BS,1726545765
54,haiku-pauwela,20.9219,-156.3051,27.34,73,86,9.39,US,1726545766
55,yellowknife,62.456,-114.3525,10.31,98,40,1.54,CA,1726545767
56,north bend,43.4065,-124.2243,15.09,88,100,3.09,US,1726545768
57,klyuchi,52.2667,79.1667,8.25,59,5,5.47,RU,1726545769
58,saint-leu,-21.15,55.2833,22.2,84,65,0.35,RE,1726545770
59,sorong,-0.8833,131.25,30.43,66,92,4.44,ID,1726545772
60,badger,64.8,-147.5333,8.95,89,100,7.72,US,1726545773
61,kokopo,-4.352,152.2633,29.43,68,20,2.75,PG,1726545774
62,weno,7.4515,151.8468,29.97,84,100,3.6,FM,1726545775
63,antalaha,-14.9003,50.2788,21.15,67,0,2.76,MG,1726545776
64,udachny,66.4167,112.4,4.15,78,100,8.08,RU,1726545777
65,talnakh,69.4865,88.3972,3.97,87,59,3.51,RU,1726545778
66,fale old settlement,-9.3852,-171.2468,27.96,72,28,1.44,TK,1726545779
67,albany,42.6001,-73.9662,15.3,65,100,1.06,US,1726545780
68,puerto baquerizo moreno,-0.9,-89.6,21.03,85,76,6.47,EC,1726545781
69,rock springs,41.5875,-109.2029,18.69,32,0,8.75,US,1726545782
70,kalmunai,7.4167,81.8167,32.51,52,23,0.66,LK,1726545783
71,el alto,-4.2714,-81.2147,17.13,81,28,6.58,PE,1726545784
72,guerrero negro,27.9769,-114.0611,19.18,76,0,6.41,MX,1726545785
73,juneau,58.3019,-134.4197,11.34,95,75,0.0,US,1726545768
74,smithers,54.7804,-127.1743,13.18,94,100,0.0,CA,1726545788
75,bethel,41.3712,-73.414,16.08,88,0,1.54,US,1726545789
76,lamu,-2.2717,40.902,25.05,83,23,6.28,KE,1726545790
77,punta arenas,-53.15,-70.9167,5.06,87,75,2.57,CL,1726545791
78,genhe,50.7833,121.5167,17.62,33,3,5.32,CN,1726545792
79,goundi,9.3627,17.366,20.91,97,100,0.5,TD,1726545793
80,prado,-17.3411,-39.2208,23.8,81,3,5.56,BR,1726545794
81,aykhal,66.0,111.5,1.76,97,100,7.06,RU,1726545795
82,ushuaia,-54.8,-68.3,3.81,87,100,13.38,AR,1726545796
83,utrik,11.2278,169.8474,28.33,75,79,3.09,MH,1726545797
84,new norfolk,-42.7826,147.0587,14.28,70,100,5.23,AU,1726545798
85,longyearbyen,78.2186,15.6401,5.91,87,75,1.03,SJ,1726545799
86,vilyuchinsk,52.9306,158.4028,15.15,58,100,4.24,RU,1726545800
87,georgetown,5.4112,100.3354,28.97,76,40,5.66,MY,1726545644
88,flying fish cove,-10.4217,105.6791,26.82,73,75,4.63,CX,1726545803
89,vorkuta,67.5,64.0,14.09,96,100,4.1,RU,1726545804
90,mersing,2.4312,103.8405,29.95,74,40,5.14,MY,1726545805
91,invercargill,-46.4,168.35,7.23,61,93,5.36,NZ,1726545806
92,xiuyan,40.2928,123.2744,27.07,63,0,0.81,CN,1726545807
93,la mira,18.035,-102.3266,26.88,87,100,2.01,MX,1726545808
94,ningbo,29.8782,121.5495,31.99,62,75,5.0,CN,1726545809
95,scarborough,54.2797,-0.4044,8.84,93,100,1.49,GB,1726545810
96,mossel bay,-34.1831,22.146,9.96,77,0,1.32,ZA,1726545811
97,meihekou,42.5272,125.6753,22.58,61,98,1.56,CN,1726545812
98,ostersund,63.1792,14.6357,10.9,95,100,1.54,SE,1726545813
99,keflavik,64.0049,-22.5624,9.24,93,75,5.14,IS,1726545814
100,pacific grove,36.6177,-121.9166,14.81,92,100,2.57,US,1726545815
101,manicore,-5.8092,-61.3003,27.15,43,5,1.01,BR,1726545816
102,gaspe,48.8334,-64.4819,23.12,60,75,3.09,CA,1726545817
103,yuzhno-kurilsk,44.0306,145.8556,18.14,93,100,4.27,RU,1726545819
104,port lincoln,-34.7333,135.8667,17.34,40,0,3.37,AU,1726545608
105,zimapan,20.75,-99.35,18.84,88,100,0.84,MX,1726545821
106,kirensk,57.7853,108.1119,4.45,79,100,3.0,RU,1726545822
107,nuuk,64.1835,-51.7216,1.34,100,100,1.79,GL,1726545673
108,ilulissat,69.2167,-51.1,1.01,93,100,0.0,GL,1726545824
109,piterka,50.6803,47.4454,17.84,46,40,6.22,RU,1726545825
110,bonab,37.3404,46.0561,17.25,48,40,2.06,IR,1726545826
111,corbelia,-24.7989,-53.3067,12.67,91,0,3.14,BR,1726545827
112,mount gambier,-37.8333,140.7667,14.6,50,65,5.38,AU,1726545629
113,kiunga,-6.1219,141.2906,30.58,60,97,1.67,PG,1726545829
114,sao felix do xingu,-6.6447,-51.995,24.93,45,3,0.64,BR,1726545830
115,selfoss,63.9331,-20.9971,9.47,92,100,3.65,IS,1726545831
116,aswan,24.0934,32.907,28.61,44,0,2.57,EG,1726545832
117,kodinar,20.7903,70.7031,27.81,66,100,2.29,IN,1726545834
118,kodiak,57.79,-152.4072,11.73,62,0,1.57,US,1726545835
119,uiju,40.1994,124.5317,28.27,63,2,1.62,KP,1726545836
120,port alfred,-33.5906,26.891,14.54,92,83,2.25,ZA,1726545837
121,ust-nera,64.5667,143.2,5.96,56,99,2.96,RU,1726545838
122,endicott,42.0984,-76.0494,16.6,87,100,0.89,US,1726545839
123,peace river,56.2501,-117.286,11.17,66,0,2.06,CA,1726545625
124,westport,41.1415,-73.3579,16.98,89,100,1.67,US,1726545841
125,xinyuan,37.3,99.0,13.2,76,100,2.26,CN,1726545842
126,carnarvon,-24.8667,113.6333,28.03,30,0,5.51,AU,1726545843
127,yanam,16.7333,82.2167,31.2,59,95,4.17,IN,1726545844
128,st. john's,47.5649,-52.7093,18.87,86,75,11.83,CA,1726545629
129,al kharj,24.155,47.3346,28.32,32,0,2.02,SA,1726545846
130,bayanhongor,46.7167,100.1167,12.73,22,0,4.58,MN,1726545847
131,dryden,49.7833,-92.7503,17.16,94,100,2.06,CA,1726545848
132,doka,13.5167,35.7667,20.25,90,100,4.09,SD,1726545850
133,pandan,14.0453,124.1694,28.34,82,100,3.99,PH,1726545851
134,chui,-33.6971,-53.4616,10.88,81,0,2.55,UY,1726545852
135,banff,51.1762,-115.5698,10.27,57,8,0.51,CA,1726545853
136,susuman,62.7833,148.1667,6.09,48,68,2.51,RU,1726545854
137,tahe,52.3333,124.7333,14.78,31,0,5.83,CN,1726545855
138,fort bragg,35.139,-79.006,22.91,95,100,5.14,US,1726545856
139,chiredzi,-21.05,31.6667,19.21,54,0,2.6,ZW,1726545857
140,chonchi,-42.6128,-73.8092,5.07,82,98,0.99,CL,1726545858
141,port elizabeth,-33.918,25.5701,14.62,93,100,2.57,ZA,1726545859
142,leer,53.2316,7.461,14.97,95,51,3.35,DE,1726545860
143,nova sintra,14.8667,-24.7167,26.23,76,87,4.17,CV,1726545861
144,amga,60.8953,131.9608,8.99,49,16,3.85,RU,1726545862
145,berdychiv,49.8993,28.6024,13.48,53,4,4.03,UA,1726545863
146,quellon,-43.1167,-73.6167,5.72,82,99,2.21,CL,1726545864
147,petropavlovsk-kamchatsky,53.0452,158.6483,14.33,41,40,4.0,RU,1726545867
148,nabire,-3.3667,135.4833,30.19,70,76,3.2,ID,1726545868
149,alotau,-10.3069,150.4462,24.2,97,100,3.35,PG,1726545869
150,pisco,-13.7,-76.2167,14.45,88,1,2.06,PE,1726545870
151,cromwell,41.5951,-72.6454,16.04,91,40,2.06,US,1726545871
152,kasongo-lunda,-6.4667,16.8167,22.37,90,63,1.23,CD,1726545872
153,nogliki,51.8333,143.1667,18.57,51,94,6.87,RU,1726545873
154,faya-largeau,17.9257,19.1043,31.81,38,42,2.13,TD,1726545874
155,khawr fakkan,25.3313,56.342,31.03,73,0,1.83,AE,1726545875
156,nova vicosa,-17.8919,-39.3719,23.64,80,0,4.86,BR,1726545876
157,alesund,62.4723,6.1549,13.2,77,75,6.69,NO,1726545877
158,luena,-11.7833,19.9167,16.84,34,2,1.59,AO,1726545878
159,lebu,-37.6167,-73.65,8.87,90,100,4.81,CL,1726545879
160,bakanas,44.8081,76.2772,12.7,34,89,9.26,KZ,1726545880
161,kapuskasing,49.4169,-82.4331,23.0,68,20,4.12,CA,1726545882
162,luganville,-15.5333,167.1667,24.13,80,100,4.96,VU,1726545883
163,mali,12.079,-12.2982,14.57,94,88,1.65,GN,1726545884
164,glace bay,46.1969,-59.957,20.5,79,75,12.35,CA,1726545885
165,qaqortoq,60.7167,-46.0333,4.29,87,100,0.66,GL,1726545886
166,dondo,-19.6094,34.7431,20.73,97,6,1.25,MZ,1726545887
167,saudarkrokur,65.7461,-19.6394,5.92,88,98,2.03,IS,1726545888
168,turochak,52.2576,87.1224,6.99,57,17,1.52,RU,1726545889
169,puerto aysen,-45.4,-72.7,4.41,99,99,1.91,CL,1726545890
170,zainsk,55.3195,52.0694,14.55,65,0,2.47,RU,1726545891
171,tolanaro,-25.0319,46.9987,19.04,100,40,1.03,MG,1726545892
172,lihue,21.9789,-159.3672,26.31,80,75,5.14,US,1726545893
173,great bend,38.3645,-98.7648,25.07,54,0,7.2,US,1726545894
174,ermoupolis,37.4423,24.9425,22.39,55,0,0.0,GR,1726545896
175,chandrakona,22.7333,87.5167,29.78,74,100,6.07,IN,1726545897
176,kailua-kona,19.6406,-155.9956,29.04,86,40,4.12,US,1726545898
177,lappeenranta,61.0587,28.1887,14.03,100,100,1.03,FI,1726545899
178,batamshinskiy,50.5594,58.2747,8.39,51,0,9.24,KZ,1726545900
179,ribeira grande,38.5167,-28.7,22.65,89,100,4.92,PT,1726545901
180,puerto ayora,-0.7393,-90.3518,21.35,88,72,4.93,EC,1726545902
181,aitape,-3.1374,142.3475,29.04,79,44,3.64,PG,1726545903
182,sisimiut,66.9395,-53.6735,1.88,77,97,2.14,GL,1726545905
183,saacow,1.6279,42.4407,24.87,82,99,5.22,SO,1726545906
184,hobyo,5.3505,48.5268,25.64,85,57,8.58,SO,1726545908
185,constantia,44.1833,28.65,12.61,62,9,5.81,RO,1726545909
186,sal rei,16.1833,-22.9167,25.92,81,52,4.28,CV,1726545912
187,quimili,-27.6333,-62.4167,16.24,38,1,5.74,AR,1726545913
188,daru,-9.0763,143.2092,25.28,87,100,6.02,PG,1726545914
189,touros,-5.1989,-35.4608,24.07,80,3,6.15,BR,1726545915
190,dan sadau,11.2962,6.4952,21.93,94,93,0.19,NG,1726545916
191,qa'en,33.7265,59.1844,20.2,28,4,1.01,IR,1726545917
192,rossosh',51.1209,38.5116,14.54,50,8,4.32,RU,1726545918
193,novyy urgal,51.0736,132.5642,18.27,34,31,8.11,RU,1726545919
194,hawaiian paradise park,19.5933,-154.9731,26.73,83,40,0.0,US,1726545920
195,vuktyl,63.8567,57.3094,15.49,93,100,3.57,RU,1726545921
196,bamboo flat,11.7,92.7167,30.05,84,75,4.63,IN,1726545922
197,katsuura,35.1333,140.3,28.02,77,45,5.77,JP,1726545924
198,acapulco de juarez,16.8634,-99.8901,29.9,79,100,2.06,MX,1726545925
199,chibougamau,49.9168,-74.3659,21.79,60,40,4.63,CA,1726545927
200,berezovyy,51.6667,135.7,18.94,34,21,6.86,RU,1726545929
201,tralee,52.2704,-9.7026,12.28,88,46,2.09,IE,1726545930
202,kolokani,13.5728,-8.0339,22.03,91,95,2.19,ML,1726545931
203,boyolangu,-8.1181,111.8935,28.92,51,32,5.43,ID,1726545932
204,cuatro cienegas de carranza,26.9833,-102.0833,25.04,76,0,2.67,MX,1726545933
205,aioun,16.6614,-9.6149,26.17,71,91,2.08,MR,1726545934
206,medicine hat,50.0501,-110.6683,18.24,55,40,4.12,CA,1726545935
207,lingyuan,41.24,119.4011,20.36,66,90,1.21,CN,1726545936
208,uturoa,-16.7333,-151.4333,26.05,82,96,3.84,PF,1726545937
209,iranshahr,27.2025,60.6848,28.19,39,0,2.06,IR,1726545938
210,laguna,38.421,-121.4238,19.08,61,0,1.54,US,1726545939
211,brookings,44.3114,-96.7984,22.0,78,0,6.17,US,1726545940
212,khabary,53.6259,79.5345,8.03,60,0,4.18,RU,1726545942
213,kununurra,-15.7667,128.7333,18.99,77,100,4.63,AU,1726545943
214,cabedelo,-6.9811,-34.8339,23.37,81,38,4.35,BR,1726545944
215,greymouth,-42.4667,171.2,10.32,48,43,1.9,NZ,1726545945
216,mareeba,-17.0,145.4333,21.25,78,99,4.74,AU,1726545946
217,lerwick,60.1545,-1.1494,12.16,94,100,6.83,GB,1726545947
218,kangding,30.0513,101.9603,19.13,79,100,2.45,CN,1726545948
219,kitimat,54.0524,-128.6534,13.28,25,100,1.79,CA,1726545949
220,angarsk,52.5367,103.8864,4.51,79,100,4.31,RU,1726545950
221,kaa-khem,51.6833,94.7333,7.61,54,68,1.18,RU,1726545951
222,luderitz,-26.6481,15.1594,11.14,86,0,6.95,NA,1726545952
223,potoci,43.4086,17.8786,10.73,100,40,1.03,BA,1726545953
224,olyokminsk,60.3736,120.4264,5.99,63,93,4.23,RU,1726545954
225,batie,9.8833,-2.9167,22.51,95,99,1.56,BF,1726545955
226,tenenkou,14.4572,-4.9169,24.94,85,57,2.02,ML,1726545956
227,gaoual,11.75,-13.2,21.92,98,100,1.5,GN,1726545958
228,port mathurin,-19.6833,63.4167,21.44,71,28,7.69,MU,1726545959
229,papao,-17.75,-149.55,25.82,83,77,4.51,PF,1726545960
230,powell river,49.8496,-124.5361,15.15,72,23,1.59,CA,1726545961
231,ixtapa,20.7,-105.2,27.57,83,75,1.54,MX,1726545962
232,khirkiyan,22.1667,76.85,25.38,77,65,3.81,IN,1726545963
233,viedma,-40.8135,-62.9967,11.42,51,100,7.68,AR,1726545964
234,vernon,50.2581,-119.2691,16.53,63,20,1.03,CA,1726545965
235,remire-montjoly,4.9167,-52.2667,26.02,89,43,0.51,GF,1726545966
236,coquimbo,-29.9533,-71.3436,13.85,90,100,1.54,CL,1726545970
237,pierre,44.3683,-100.351,23.51,68,0,9.26,US,1726545767
238,borogontsy,62.6683,131.1683,7.72,46,100,4.76,RU,1726545972
239,swakopmund,-22.6833,14.5333,11.67,90,60,1.76,NA,1726545973
240,san mariano,7.5,126.0,30.74,58,100,4.55,PH,1726545974
241,mahina,-17.5065,-149.489,25.87,83,0,1.54,PF,1726545975
242,kristiansund,63.1115,7.732,11.18,93,75,0.0,NO,1726545976
243,chifeng,42.2683,118.9636,21.6,53,97,1.73,CN,1726545977
244,taupo,-38.6833,176.0833,7.62,70,92,6.81,NZ,1726545978
245,dwarka,22.2394,68.9678,27.54,74,100,4.24,IN,1726545979
246,fort saskatchewan,53.7168,-113.2187,14.84,47,100,2.09,CA,1726545980
247,mersa matruh,31.3525,27.2453,22.11,68,0,2.06,EG,1726545981
248,ad dabbah,18.05,30.95,31.25,21,15,0.81,SD,1726545982
249,katsuren-haebaru,26.3369,127.8719,30.05,86,75,8.75,JP,1726545985
250,kolonia town,6.964,158.206,29.06,84,75,2.06,FM,1726545986
251,sokoni,-6.4333,39.55,24.88,76,7,4.08,TZ,1726545987
252,baker city,44.7749,-117.8344,15.84,59,100,5.14,US,1726545989
253,colonia,50.9333,6.95,13.92,88,20,2.06,DE,1726545990
254,srisailain,16.0833,78.8667,26.29,67,54,4.3,IN,1726545991
255,vila velha,-20.3297,-40.2925,23.97,84,20,3.6,BR,1726545770
256,abha,18.2164,42.5053,20.14,43,20,3.09,SA,1726545993
257,mirnyy,62.5353,113.9611,5.99,62,96,5.84,RU,1726545994
258,la sarre,48.8002,-79.1996,20.94,59,91,3.78,CA,1726545996
259,saipan,15.1355,145.701,31.39,74,40,4.63,MP,1726545997
260,zakynthos,37.7914,20.8953,17.62,77,20,0.0,GR,1726545998
261,loches,47.1333,1.0,12.06,88,46,5.22,FR,1726545999
262,alo,6.5486,4.2686,24.22,92,100,2.37,NG,1726546000
263,enniskillen,54.3461,-7.6413,12.41,99,31,0.71,GB,1726546001
264,troitsko-pechorsk,62.7084,56.1964,15.48,93,100,2.5,RU,1726546002
265,queenstown,-31.8976,26.8753,10.62,88,75,1.04,ZA,1726545785
266,ulladulla,-35.35,150.4667,16.82,48,17,5.61,AU,1726546004
267,san luis de la loma,17.2706,-100.8939,27.54,86,100,2.15,MX,1726546005
268,sarangani,5.4033,125.4636,27.82,78,97,5.73,PH,1726546006
269,tura,25.5198,90.2201,30.64,65,74,0.45,IN,1726546007
270,labytnangi,66.6572,66.4183,16.6,81,100,1.63,RU,1726546008
271,mujiayingzi,42.1167,118.7833,18.41,67,97,0.38,CN,1726546009
272,monroe,43.1501,-77.6831,18.9,88,75,0.0,US,1726546011
273,jamestown,42.097,-79.2353,16.8,78,0,1.54,US,1726545991
274,kargil,34.5667,76.1,9.1,31,0,1.49,IN,1726546013
275,zhicheng,30.2956,111.5047,31.15,53,100,3.28,CN,1726546014
276,wewak,-3.5534,143.6268,28.8,79,13,4.69,PG,1726546015
277,richards bay,-28.783,32.0377,19.05,94,100,1.48,ZA,1726546017
278,abbeville,50.1,1.8333,11.46,94,45,3.4,FR,1726546018
279,arraial do cabo,-22.9661,-42.0278,21.29,87,92,8.15,BR,1726546019
280,tamanrasset,22.785,5.5228,22.95,60,40,2.06,DZ,1726546020
281,benguela,-12.5763,13.4055,21.07,91,47,1.03,AO,1726546021
282,enewetak,11.3474,162.3373,28.9,74,97,5.08,MH,1726546022
283,melekeok village,7.4957,134.6367,30.31,79,100,6.69,PW,1726546024
284,castillos,-34.1667,-53.8333,10.31,84,0,2.0,UY,1726546025
285,newman,37.3138,-121.0208,17.24,66,35,1.79,US,1726546026
286,chernogorsk,53.8236,91.2842,5.76,75,0,2.0,RU,1726546027
287,kavaratti,10.5669,72.642,27.66,79,63,5.87,IN,1726546028
288,dudinka,69.4058,86.1778,4.88,78,8,4.81,RU,1726546029
289,holma,9.9008,13.0567,20.78,94,83,0.85,NG,1726546030
290,guane,22.2025,-84.0875,26.49,86,78,1.73,CU,1726546031
291,harper,4.375,-7.7169,24.56,85,100,2.17,LR,1726546032
292,pato branco,-26.2286,-52.6706,10.73,95,0,1.97,BR,1726546033
293,kawm umbu,24.4767,32.9463,29.38,33,0,3.34,EG,1726546034
294,saint-philippe,-21.3585,55.7679,21.14,74,67,4.99,RE,1726546035
295,ghanzi,-21.5667,21.7833,18.75,28,50,2.64,BW,1726546036
296,happy valley-goose bay,53.3168,-60.3315,12.99,94,17,2.63,CA,1726546037
297,kone,-21.0595,164.8658,23.3,42,41,5.97,NC,1726546038
298,vilyuysk,63.7553,121.6247,7.7,50,99,6.37,RU,1726546041
299,karimpur,23.9667,88.6167,29.62,75,98,3.98,IN,1726546042
300,afaahiti,-17.75,-149.2833,24.11,87,82,4.83,PF,1726546043
301,syktyvkar,61.6764,50.8099,12.85,94,0,3.0,RU,1726546044
302,itamaraca,-7.7478,-34.8256,22.87,87,23,3.78,BR,1726546045
303,suva,-18.1416,178.4415,22.71,100,75,3.6,FJ,1726546047
304,jiuquan,39.7432,98.5174,23.74,45,13,4.59,CN,1726546048
305,makoua,0.0069,15.6333,21.12,96,94,1.15,CG,1726546049
306,yeppoon,-23.1333,150.7333,21.26,60,100,6.22,AU,1726546050
307,rawson,-43.3002,-65.1023,13.0,45,85,10.23,AR,1726546051
308,casper,42.8666,-106.3131,20.96,33,0,1.79,US,1726546025
309,la passe,45.5549,-0.8967,13.26,78,3,4.13,FR,1726546054
310,murzuq,25.9155,13.9184,29.68,28,0,5.77,LY,1726546055
311,coracora,-15.0333,-73.7833,10.29,43,1,1.34,PE,1726546056
312,codrington,-38.2667,141.9667,13.6,60,100,8.13,AU,1726546057
313,nago,26.5881,127.9761,29.25,77,6,7.47,JP,1726546058
314,altai,46.3722,96.2583,14.26,22,0,8.35,MN,1726546060
315,west vancouver,49.3323,-123.1622,15.85,84,72,0.45,CA,1726546061
316,acajutla,13.5928,-89.8275,27.73,82,92,2.02,SV,1726546062
317,rio de janeiro,-22.9028,-43.2075,21.98,73,100,4.12,BR,1726545831
318,brumado,-14.2036,-41.6653,20.88,66,0,2.41,BR,1726546064
319,collinsville,38.6703,-89.9846,20.9,86,0,1.34,US,1726546065
320,belek,36.8628,31.0556,22.28,68,2,2.39,TR,1726546066
321,polyarnyy,69.1989,33.4478,9.06,84,99,4.62,RU,1726546068
322,eforie sud,44.0229,28.6494,15.65,62,9,5.55,RO,1726546069
323,itaituba,-4.2761,-55.9836,27.08,39,62,0.62,BR,1726546070
324,iskateley,67.6803,53.1512,13.09,86,73,3.74,RU,1726546071
325,cabo san lucas,22.8909,-109.9124,24.31,77,6,5.36,MX,1726546072
326,yeniseysk,58.4497,92.1703,6.62,61,100,2.16,RU,1726546073
327,alofi,-19.0595,-169.9187,26.94,78,40,4.12,NU,1726546074
328,northam,51.0333,-4.2167,11.84,82,25,3.08,GB,1726546075
329,ancud,-41.8697,-73.8203,6.57,82,61,1.33,CL,1726546076
330,karamay,45.6004,84.8661,19.07,35,35,4.06,CN,1726546077
331,rongelap,11.1635,166.8941,28.65,72,6,3.03,MH,1726546078
332,birjand,32.8663,59.2211,23.57,29,0,0.8,IR,1726546079
333,beyneu,45.3167,55.2,17.61,25,66,8.33,KZ,1726546080
334,lakatoro,-16.0999,167.4164,24.53,73,94,6.39,VU,1726546081
335,hammerfest,70.6634,23.6821,10.25,87,75,1.03,NO,1726546083
336,kurayoshi,35.4333,133.8167,30.77,68,72,1.75,JP,1726546084
337,bliss corner,41.6118,-70.9384,16.84,93,88,0.45,US,1726546085
338,hadibu,12.65,54.0333,25.96,81,38,6.43,YE,1726546086
339,esperanza,19.5847,-70.9849,26.83,87,66,2.24,DO,1726546087
340,paraiso,9.8383,-83.8656,19.12,94,100,1.12,CR,1726546088
341,hood river,45.7054,-121.5215,20.21,69,0,2.68,US,1726546089
342,kasempa,-13.4584,25.8338,18.98,31,0,3.09,ZM,1726546090
343,mildura,-34.2,142.15,19.48,35,0,4.75,AU,1726546091
344,revelstoke,50.9832,-118.2023,12.62,76,15,0.5,CA,1726546092
345,azemmour,33.2895,-8.3425,19.52,91,1,2.91,MA,1726546093
346,zambezi,-13.5432,23.1047,17.62,24,0,2.58,ZM,1726546094
347,hinton,53.4001,-117.5857,9.85,73,100,0.84,CA,1726546095
348,maqat,47.65,53.3167,16.79,25,8,8.98,KZ,1726546096
349,abeche,13.8292,20.8324,24.89,64,100,2.48,TD,1726546098
350,port macquarie,-31.4333,152.9167,19.48,57,10,1.79,AU,1726545836
351,sambava,-14.2667,50.1667,20.95,71,18,3.71,MG,1726546100
352,kongoussi,13.3258,-1.5347,25.45,80,90,2.71,BF,1726546101
353,severo-yeniseyskiy,60.3725,93.0408,4.83,75,100,4.16,RU,1726546102
354,high rock,26.6208,-78.2833,29.49,71,100,1.03,BS,1726546103
355,lazaro cardenas,17.9583,-102.2,27.8,83,100,2.06,MX,1726546104
356,quang ngai,15.1167,108.8,31.49,61,100,3.41,VN,1726546105
357,gadzhiyevo,69.2551,33.3362,9.27,84,99,5.11,RU,1726546106
358,farasan,16.7022,42.1183,30.65,79,95,4.23,SA,1726546107
359,talara,-4.5772,-81.2719,17.93,83,38,6.99,PE,1726546108
360,mineros,-17.1167,-63.2333,19.53,50,2,2.25,BO,1726546109
361,revda,56.801,59.9303,10.42,58,0,1.38,RU,1726546110
362,leua,48.2156,18.6071,10.06,93,42,0.54,SK,1726546111
363,saldanha,-33.0117,17.9442,11.61,85,10,4.85,ZA,1726546113
364,bonthe,7.5264,-12.505,24.45,88,23,0.55,SL,1726546114
365,crane,31.3974,-102.3501,27.19,45,64,7.43,US,1726546115
366,kumta,14.4167,74.4,27.51,74,52,2.74,IN,1726546116
367,poronaysk,49.2167,143.1167,20.33,45,40,4.61,RU,1726546117
368,mayenne,48.3333,-0.6667,9.8,93,45,5.63,FR,1726546118
369,gulbene,57.1777,26.7529,12.18,71,8,1.36,LV,1726546119
370,nemuro,43.3236,145.575,17.47,93,90,5.79,JP,1726546120
371,sur,22.5667,59.5289,31.29,52,0,2.48,OM,1726546121
372,tindouf,27.6711,-8.1474,25.83,30,83,5.16,DZ,1726546122
373,bryansk,53.2875,34.3806,13.02,63,5,2.31,RU,1726546123
374,kudahuvadhoo,2.6708,72.8944,29.12,72,12,4.89,MV,1726546124
375,bima,-8.4667,118.7167,35.16,33,49,2.99,ID,1726546125
376,awjilah,29.1081,21.2869,25.96,43,0,3.72,LY,1726546126
377,puerto deseado,-47.7503,-65.8938,10.35,50,92,11.89,AR,1726546127
378,malabar,-33.9667,151.25,22.7,42,0,5.66,AU,1726546129
379,oulainen,64.2667,24.8,9.99,94,100,1.87,FI,1726546130
380,shouguang,36.88,118.7375,29.83,64,15,3.24,CN,1726546131
381,ito,34.9667,139.0833,29.82,80,37,1.28,JP,1726546132
382,new river,33.9159,-112.136,29.38,25,2,5.83,US,1726546133
383,udangudi,8.4333,78.0167,30.78,53,42,1.36,IN,1726546134
384,bel ombre,-4.6167,55.4167,26.63,83,5,9.48,SC,1726546135
385,dhidhdhoo,6.8833,73.1,28.31,78,21,6.64,MV,1726546136
386,ada,43.4166,-116.1262,14.39,83,100,7.72,US,1726546138
387,zarechnyy,53.2036,45.1923,14.16,65,0,2.07,RU,1726546139
388,roma,43.2128,-75.4557,16.87,93,0,0.0,US,1726546140
389,villa ojo de agua,-29.5,-63.6938,14.25,31,68,5.67,AR,1726546141
390,fethiye,36.6217,29.1164,20.07,62,0,1.19,TR,1726546142
391,christchurch,-43.5333,172.6333,9.67,52,75,19.22,NZ,1726546001
392,vredendal,-31.6683,18.5012,10.08,88,0,1.43,ZA,1726546145
393,karratha,-20.7377,116.8463,30.29,23,0,8.86,AU,1726546146
394,bardejov,49.2918,21.2727,12.38,95,79,2.23,SK,1726546147
395,namibe,-15.1961,12.1522,17.32,90,49,1.43,AO,1726546148
396,san ignacio rio muerto,27.4167,-110.2333,28.26,73,4,3.05,MX,1726546149
397,hithadhoo,-0.6,73.0833,28.74,74,83,3.76,MV,1726546151
398,merizo village,13.2658,144.6691,29.31,88,100,5.05,GU,1726546152
399,bafq,31.6128,55.4107,25.54,27,5,0.67,IR,1726546153
400,mozarlandia,-14.7447,-50.5706,28.32,30,12,2.87,BR,1726546154
401,palmer,42.1584,-72.3287,15.13,86,0,0.0,US,1726546155
402,kota kinabalu,5.9749,116.0724,25.99,94,40,1.03,MY,1726545929
403,kish,26.5578,54.0194,31.63,62,0,4.04,IR,1726546158
404,sao geraldo do araguaia,-6.4006,-48.555,30.36,31,66,1.35,BR,1726546159
405,luwuk,-0.9516,122.7875,28.58,62,51,3.8,ID,1726546160
406,calhoun,42.2506,-85.0005,17.03,82,0,0.0,US,1726546161
407,beni,0.5,29.4667,15.37,99,45,0.38,CD,1726546162
408,nefteyugansk,61.0998,72.6035,10.5,59,82,5.84,RU,1726546163
409,dauphin,51.1494,-100.0502,16.28,79,79,1.58,CA,1726546164
410,aripuana,-9.1667,-60.6333,25.66,42,5,0.84,BR,1726546165
411,tobruk,32.0836,23.9764,23.67,59,0,1.95,LY,1726546166
412,san andres,12.5847,-81.7006,30.01,84,40,4.12,CO,1726546167
413,djamaa,33.5339,5.9931,26.41,44,97,1.5,DZ,1726546168
414,middlebury (village),44.0153,-73.1673,18.91,86,0,0.0,US,1726546169
415,sabha,27.0377,14.4283,29.81,27,1,6.42,LY,1726546170
416,yasnyy,51.0333,59.8742,8.73,49,0,9.1,RU,1726546171
417,sharm el-sheikh,27.8518,34.305,28.71,60,0,0.61,EG,1726546173
418,beloyarskiy,63.7119,66.6722,15.42,83,99,2.21,RU,1726546174
419,andergrove,-21.0833,149.1833,22.55,53,100,8.64,AU,1726546175
420,san patricio,28.017,-97.5169,24.97,77,0,3.65,US,1726546176
421,kavieng,-2.5744,150.7967,29.89,70,35,5.54,PG,1726546177
422,arkhangel'sk,64.5401,40.5433,7.06,100,0,2.0,RU,1726546178
423,harstad,68.799,16.5293,10.64,91,90,5.81,NO,1726546179
424,hirara,24.8,125.2833,28.89,79,4,9.71,JP,1726546180
425,ha tien,10.3833,104.4833,26.33,86,100,9.07,VN,1726546181
426,mezhdurechenskiy,59.6,65.9333,10.95,57,0,3.2,RU,1726546182
427,mount pearl,47.5166,-52.7813,17.75,88,75,11.83,CA,1726546183
428,al badari,26.9926,31.4155,27.81,41,0,2.86,EG,1726546185
429,natal,-5.795,-35.2094,22.36,88,40,1.54,BR,1726546187
430,tazovsky,67.4667,78.7,5.69,89,92,2.94,RU,1726546188
431,el granada,37.5027,-122.4694,14.64,85,40,2.57,US,1726546189
432,khash,28.2211,61.2158,25.3,31,0,0.61,IR,1726546190
433,mejit,10.2753,170.8646,27.86,79,15,3.83,MH,1726546191
434,manismata,-2.4667,111.0333,33.45,45,100,2.01,ID,1726546192
435,bergneustadt,51.0333,7.65,11.99,86,4,2.88,DE,1726546193
436,gargalianoi,37.0667,21.6333,18.34,69,0,1.3,GR,1726546194
437,muragacha,23.5333,88.4,29.78,74,100,5.03,IN,1726546195
438,kirakira,-10.4544,161.9205,28.45,79,20,2.36,SB,1726546196
439,zaterechnyy,44.7931,45.2097,21.01,57,100,7.49,RU,1726546197
440,arauco,-37.2463,-73.3175,9.21,76,100,2.02,CL,1726546198
441,margate,51.3813,1.3862,15.39,76,98,0.45,GB,1726546199
442,fallon,39.4735,-118.7774,9.93,87,100,3.09,US,1726546200
443,kuta,-8.7233,115.1723,29.97,66,20,2.06,ID,1726546202
444,raver,21.25,76.0333,26.97,68,31,3.08,IN,1726546203
445,carterville,37.7601,-89.0773,18.25,88,0,0.0,US,1726546204
446,zielona gora,51.9355,15.5064,12.23,43,10,2.67,PL,1726546205
447,antsiranana,-12.2787,49.2917,23.33,57,1,7.01,MG,1726546206
448,bathsheba,13.2167,-59.5167,28.31,78,93,3.64,BB,1726546207
449,santa rosalia,27.3167,-112.2833,25.34,53,0,3.63,MX,1726546208
450,huarmey,-10.0681,-78.1522,16.74,87,1,3.29,PE,1726546210
451,sainte-anne-des-monts,49.124,-66.4924,17.96,80,29,5.4,CA,1726546211
452,nahiyat al fuhud,30.9697,46.7228,32.08,24,0,3.12,IQ,1726546212
453,mermoz boabab,14.7065,-17.4758,25.05,87,100,2.05,SN,1726546213
454,ulaangom,49.9811,92.0667,6.37,56,99,3.7,MN,1726546214
455,okhotsk,59.3833,143.3,10.81,61,12,1.98,RU,1726546216
456,lata,40.1629,-8.3327,14.44,39,4,2.31,PT,1726546217
457,selkirk,50.1436,-96.8845,18.9,89,100,4.05,CA,1726546218
458,ash shihaniyah,25.3686,51.2264,31.97,39,0,1.02,QA,1726546219
459,dadukou,26.5479,101.7054,27.78,63,41,0.5,CN,1726546220
460,bambanglipuro,-7.95,110.2833,28.14,59,15,5.3,ID,1726546221
461,salmon arm,50.6998,-119.3024,12.4,90,48,0.99,CA,1726546222
462,la asuncion,11.0333,-63.8628,27.12,87,94,4.01,VE,1726546223
463,pasuquin,18.3328,120.6177,26.97,100,75,3.09,PH,1726546224
464,melfort,52.8667,-104.6177,15.82,47,36,3.04,CA,1726546225
465,hami,42.8,93.45,27.28,12,0,2.85,CN,1726546226
466,afif,23.9065,42.9172,28.27,17,2,2.92,SA,1726546227
467,aasiaat,68.7098,-52.8699,-3.15,90,97,1.51,GL,1726546228
468,george town,5.4112,100.3354,27.96,83,40,1.03,MY,1726546229
469,fort st. john,56.2499,-120.8529,14.67,57,86,5.06,CA,1726546230
470,barakani,-12.1356,44.4317,24.53,76,4,2.17,KM,1726546232
471,la ronge,55.1001,-105.2842,13.97,61,99,2.98,CA,1726546233
472,antrim,54.6667,-6.25,14.76,77,100,0.51,GB,1726546234
473,ust'-kulom,61.6864,53.6902,15.46,91,86,2.2,RU,1726546235
474,warman,52.3168,-106.5679,15.61,67,7,3.28,CA,1726546236
475,xudat,41.631,48.681,20.21,58,100,1.96,AZ,1726546237
476,najran,17.4924,44.1277,26.17,18,6,2.0,SA,1726546238
477,madimba,-10.4,40.3333,24.67,79,56,1.79,TZ,1726546239
478,byron bay,-28.65,153.6167,19.25,57,1,5.16,AU,1726546240
479,berber,18.0216,33.983,29.98,49,80,5.01,SD,1726546241
480,lichinga,-13.3128,35.2406,15.9,59,2,3.11,MZ,1726546242
481,takoradi,4.8845,-1.7554,23.05,93,0,3.25,GH,1726546243
482,vorgashor,67.5833,63.95,13.95,95,100,4.04,RU,1726546244
483,new kingman-butler,35.265,-114.0323,21.94,28,0,8.23,US,1726546245
484,phan thiet,10.9333,108.1,31.95,59,100,5.75,VN,1726546247
485,punta del este,-34.9667,-54.95,14.93,72,0,1.79,UY,1726546248
486,mar del plata,-38.0023,-57.5575,11.16,88,5,4.47,AR,1726546249
487,porto novo,6.4965,2.6036,24.01,91,100,2.29,BJ,1726546250
488,urucara,-2.5364,-57.76,28.21,38,83,1.17,BR,1726546251
489,kerikeri,-35.2268,173.9474,12.73,64,13,5.36,NZ,1726546252
490,port saint john's,-31.6229,29.5448,18.14,87,100,3.04,ZA,1726546253
491,turbat,26.0023,63.044,27.37,72,1,1.93,PK,1726546254
492,atar,20.5169,-13.0499,31.61,49,37,3.26,MR,1726546255
493,santa maria,-29.6842,-53.8069,11.97,94,0,2.38,BR,1726546256
494,olinda,-8.0089,-34.8553,25.85,73,40,4.63,BR,1726546257
495,mandalgovi,45.7625,106.2708,20.36,25,0,6.46,MN,1726546259
496,vung tau,10.346,107.0843,26.13,87,100,7.27,VN,1726546260
497,nouadhibou,20.931,-17.0347,20.94,88,22,7.36,MR,1726546262
498,doume,4.2333,13.45,19.64,99,99,0.99,CM,1726546263
499,lukolela,-1.0605,17.1821,21.22,95,51,1.45,CD,1726546264
500,umm kaddadah,13.6017,26.6876,27.57,53,100,1.25,SD,1726546265
501,pamandzi,-12.7967,45.2794,22.88,94,0,1.54,YT,1726546266
502,baruun-urt,46.6806,113.2792,19.82,27,95,4.97,MN,1726546267
503,batangafo,7.3008,18.2833,20.86,97,94,0.79,CF,1726546268
504,broome,42.2506,-75.833,16.67,73,100,0.45,US,1726546269
505,west bay,19.3667,-81.4167,28.92,90,14,5.62,KY,1726546270
506,rabaul,-4.1967,152.1721,28.65,71,31,2.48,PG,1726546271
507,dindima,10.2263,10.1513,23.13,87,99,1.37,NG,1726546272
508,portrush,55.1959,-6.6493,13.44,89,93,3.38,GB,1726546273
509,san rafael,-34.6177,-68.3301,16.59,26,97,3.79,AR,1726546274
510,nako,31.8814,78.627,14.47,50,34,1.86,IN,1726546275
511,bereznik,62.8551,42.7072,10.38,86,53,1.23,RU,1726546276
512,greenwood,34.1668,-82.1165,19.6,77,100,3.6,US,1726546085
513,fortuna,40.5982,-124.1573,14.96,93,100,0.45,US,1726546223
514,praia da vitoria,38.7333,-27.0667,23.75,90,100,5.06,PT,1726546280
515,pueblo,38.2545,-104.6091,18.09,59,0,1.54,US,1726546055
516,kalabo,-14.97,22.6814,18.38,27,0,2.84,ZM,1726546282
517,ambon,-3.6954,128.1814,31.08,74,40,3.6,ID,1726546283
518,pacocha,-17.5833,-71.3333,15.28,85,44,1.44,PE,1726546284
519,luanda,-8.8368,13.2343,20.89,91,76,1.12,AO,1726546285
520,lillehammer,61.1146,10.4674,8.19,98,100,1.07,NO,1726546286
521,urucui,-7.2294,-44.5561,25.07,42,0,1.58,BR,1726546287
522,callao,-12.0667,-77.15,17.07,88,75,4.63,PE,1726546288
523,keelung,25.1283,121.7419,33.86,65,0,8.86,TW,1726546289
524,levuka,50.1834,-105.4011,20.91,55,55,3.33,CA,1726546290
525,namtsy,62.7161,129.6658,8.48,45,100,5.5,RU,1726546292
526,hilo,19.7297,-155.09,26.85,83,40,0.0,US,1726546293
527,chok chai,14.7284,102.1652,30.16,100,89,4.09,TH,1726546294
528,yunguyo,-16.25,-69.0833,5.54,85,74,3.35,PE,1726546295
529,macau,22.2006,113.5461,31.85,74,20,7.2,MO,1726546296
530,bulolo,-7.2,146.65,27.43,82,44,1.3,PG,1726546297
531,tekkali,18.6167,84.2333,30.03,66,100,2.87,IN,1726546298
532,tidjikja,18.5564,-11.4271,27.63,60,72,3.78,MR,1726546299
533,kruisfontein,-34.0033,24.7314,9.49,87,0,2.27,ZA,1726546300
534,burang,30.25,81.1667,8.73,56,19,2.17,CN,1726546301
535,las trojes,14.0667,-85.9833,21.25,96,38,0.92,HN,1726546302
536,taltal,-25.4,-70.4833,13.53,88,38,2.46,CL,1726546303
537,puerto santa,-8.9906,-78.6456,15.87,89,6,2.93,PE,1726546304
538,inari,68.906,27.0288,9.76,92,100,1.94,FI,1726546305
539,port augusta,-32.5,137.7667,22.79,13,0,3.4,AU,1726546307
540,broken hill,-31.95,141.4333,19.46,21,0,2.38,AU,1726546308
541,saint-louis,16.3333,-15.0,26.62,71,100,3.44,SN,1726546309
542,dunedin,-45.8742,170.5036,5.45,79,96,3.13,NZ,1726546310
543,saint-pierre,-21.3393,55.4781,23.82,53,0,2.06,RE,1726546311
544,lago da pedra,-4.3333,-45.1667,25.04,74,13,2.79,BR,1726546312
545,fort mcmurray,56.7268,-111.381,13.33,66,100,1.71,CA,1726546040
546,hastings,50.8552,0.5729,12.21,46,64,6.21,GB,1726546314
547,lulea,65.5842,22.1547,12.04,87,0,0.0,SE,1726546315
548,kamaishi,39.2667,141.8833,26.14,63,15,1.9,JP,1726546316
549,hotan,37.0997,79.9269,24.57,24,4,3.36,CN,1726546317
550,dolinsk,47.35,142.8,20.3,53,8,2.58,RU,1726546318
551,sevastopol,44.6,33.5333,18.33,65,17,3.07,UA,1726546319
552,muisne,0.6,-80.0333,23.82,86,98,3.77,EC,1726546320
553,ambilobe,-13.2,49.05,22.03,55,0,2.12,MG,1726546321
554,khovd,48.0056,91.6419,10.78,38,0,3.92,MN,1726546322
555,mogocha,53.7333,119.7667,12.96,30,11,2.84,RU,1726546324
556,abilene,32.4487,-99.7331,27.71,66,0,5.14,US,1726546325
557,ta`u,-14.2336,-169.5144,26.84,73,73,3.19,AS,1726546326
558,gizo,-8.103,156.8419,28.11,74,23,1.85,SB,1726546327
559,bonito,-21.1211,-56.4819,16.91,67,0,1.29,BR,1726546328
560,itoman,26.1247,127.6694,29.21,91,75,10.29,JP,1726546329
561,bridgewater,44.3835,-64.5155,13.95,82,0,2.96,CA,1726546330
562,ulsteinvik,62.3432,5.8487,13.2,84,100,3.51,NO,1726546331
563,sinabang,2.4803,96.3801,25.35,91,100,2.31,ID,1726546332
564,miranda,3.2499,-76.2281,20.86,76,42,2.26,CO,1726546333
565,nacala,-14.5428,40.6728,22.64,83,0,0.83,MZ,1726546334
566,nagqu,31.5,92.0,12.06,53,7,3.26,CN,1726546335
567,bijie,27.3125,105.2942,21.71,72,100,2.28,CN,1726546336
568,hasaki,35.7333,140.8333,27.87,77,68,6.89,JP,1726546338
569,redencao,-4.2258,-38.7306,22.64,83,65,1.88,BR,1726546339
570,lianjiang,21.6467,110.2817,31.09,72,100,2.81,CN,1726546340
571,galle,6.0367,80.217,29.96,80,92,1.34,LK,1726546341
572,zaozersk,69.4005,32.4476,9.25,88,100,6.23,RU,1726546342
